Complaint ID,Actual/Expected Category,GenAI Category,Python Expected Category,GenAI Department,Python Department,GenAI Urgency,Python Urgency,GenAI Escalation,Python Escalation,Policy Reference,Match/Mismatch,Verification Status,Explanation of Disagreement
CMP-00001,Refund Request,Refund Request,Refund Request,Billing & Payments,Billing & Payments,High,High,False,False,POL-REF-02,MATCH,Manual Review Required,Significant mismatch requiring manager sign-off.
CMP-00002,Customer Relations,Customer Relations,Customer Relations,Customer Relations,Customer Relations,Medium,High,False,False,POL-DOA-16,MISMATCH,Verified with Warning,Department or Category variation (GenAI: Customer Relations / Expected: Customer Relations)
CMP-00003,Delivery & Shipping,Delivery & Shipping,Delivery & Shipping,Logistics & Delivery,Logistics & Delivery,Medium,Medium,False,False,POL-DEL-04,MATCH,Manual Review Required,Significant mismatch requiring manager sign-off.
CMP-00004,Customer Relations,Delivery & Shipping,Customer Relations,Logistics & Delivery,Customer Relations,Medium,High,False,False,POL-DOA-16,MISMATCH,Verified with Warning,Department or Category variation (GenAI: Logistics & Delivery / Expected: Customer Relations)
CMP-00005,Customer Relations,Delivery & Shipping,Customer Relations,Logistics & Delivery,Customer Relations,Medium,High,False,False,POL-DOA-16,MISMATCH,Verified with Warning,Department or Category variation (GenAI: Logistics & Delivery / Expected: Customer Relations)
CMP-00006,Refund Request,Refund Request,Refund Request,Billing & Payments,Billing & Payments,High,High,False,False,POL-REF-02,MATCH,Manual Review Required,Significant mismatch requiring manager sign-off.
CMP-00007,Customer Relations,Customer Relations,Customer Relations,Customer Relations,Customer Relations,Medium,High,False,False,POL-DOA-16,MISMATCH,Verified with Warning,Department or Category variation (GenAI: Customer Relations / Expected: Customer Relations)
CMP-00008,Delivery & Shipping,Delivery & Shipping,Delivery & Shipping,Logistics & Delivery,Logistics & Delivery,Medium,Medium,False,False,POL-DEL-04,MATCH,Manual Review Required,Significant mismatch requiring manager sign-off.
CMP-00009,Customer Relations,Delivery & Shipping,Customer Relations,Logistics & Delivery,Customer Relations,Medium,High,False,False,POL-DOA-16,MISMATCH,Verified with Warning,Department or Category variation (GenAI: Logistics & Delivery / Expected: Customer Relations)
CMP-00010,Customer Relations,Delivery & Shipping,Customer Relations,Logistics & Delivery,Customer Relations,Medium,High,False,False,POL-DOA-16,MISMATCH,Verified with Warning,Department or Category variation (GenAI: Logistics & Delivery / Expected: Customer Relations)
CMP-00011,Refund Request,Refund Request,Refund Request,Billing & Payments,Billing & Payments,High,High,False,False,POL-REF-02,MATCH,Manual Review Required,Significant mismatch requiring manager sign-off.
CMP-00012,Customer Relations,Customer Relations,Customer Relations,Customer Relations,Customer Relations,Medium,High,False,False,POL-DOA-16,MISMATCH,Verified with Warning,Department or Category variation (GenAI: Customer Relations / Expected: Customer Relations)
CMP-00013,Delivery & Shipping,Delivery & Shipping,Delivery & Shipping,Logistics & Delivery,Logistics & Delivery,Medium,Medium,False,False,POL-DEL-04,MATCH,Manual Review Required,Significant mismatch requiring manager sign-off.
CMP-00014,Customer Relations,Delivery & Shipping,Customer Relations,Logistics & Delivery,Customer Relations,Medium,High,False,False,POL-DOA-16,MISMATCH,Verified with Warning,Department or Category variation (GenAI: Logistics & Delivery / Expected: Customer Relations)
CMP-00015,Customer Relations,Delivery & Shipping,Customer Relations,Logistics & Delivery,Customer Relations,Medium,High,False,False,POL-DOA-16,MISMATCH,Verified with Warning,Department or Category variation (GenAI: Logistics & Delivery / Expected: Customer Relations)
CMP-00016,Refund Request,Refund Request,Refund Request,Billing & Payments,Billing & Payments,High,High,False,False,POL-REF-02,MATCH,Manual Review Required,Significant mismatch requiring manager sign-off.
CMP-00017,Customer Relations,Customer Relations,Customer Relations,Customer Relations,Customer Relations,Medium,High,False,False,POL-DOA-16,MISMATCH,Verified with Warning,Department or Category variation (GenAI: Customer Relations / Expected: Customer Relations)
CMP-00018,Delivery & Shipping,Delivery & Shipping,Delivery & Shipping,Logistics & Delivery,Logistics & Delivery,Medium,Medium,False,False,POL-DEL-04,MATCH,Manual Review Required,Significant mismatch requiring manager sign-off.
CMP-00019,Customer Relations,Delivery & Shipping,Customer Relations,Logistics & Delivery,Customer Relations,Medium,High,False,False,POL-DOA-16,MISMATCH,Verified with Warning,Department or Category variation (GenAI: Logistics & Delivery / Expected: Customer Relations)
CMP-00020,Customer Relations,Delivery & Shipping,Customer Relations,Logistics & Delivery,Customer Relations,Medium,High,False,False,POL-DOA-16,MISMATCH,Verified with Warning,Department or Category variation (GenAI: Logistics & Delivery / Expected: Customer Relations)
CMP-00021,Refund Request,Refund Request,Refund Request,Billing & Payments,Billing & Payments,High,High,False,False,POL-REF-02,MATCH,Manual Review Required,Significant mismatch requiring manager sign-off.
CMP-00022,Customer Relations,Customer Relations,Customer Relations,Customer Relations,Customer Relations,Medium,High,False,False,POL-DOA-16,MISMATCH,Verified with Warning,Department or Category variation (GenAI: Customer Relations / Expected: Customer Relations)
CMP-00023,Delivery & Shipping,Delivery & Shipping,Delivery & Shipping,Logistics & Delivery,Logistics & Delivery,Medium,Medium,False,False,POL-DEL-04,MATCH,Manual Review Required,Significant mismatch requiring manager sign-off.
CMP-00024,Customer Relations,Delivery & Shipping,Customer Relations,Logistics & Delivery,Customer Relations,Medium,High,False,False,POL-DOA-16,MISMATCH,Verified with Warning,Department or Category variation (GenAI: Logistics & Delivery / Expected: Customer Relations)
CMP-00025,Customer Relations,Delivery & Shipping,Customer Relations,Logistics & Delivery,Customer Relations,Medium,High,False,False,POL-DOA-16,MISMATCH,Verified with Warning,Department or Category variation (GenAI: Logistics & Delivery / Expected: Customer Relations)
CMP-00026,Billing & Charges,Billing & Charges,Billing & Charges,Billing & Payments,Billing & Payments,High,High,False,True,POL-BIL-06,MISMATCH,Contradiction Detected,CRITICAL: Python Ground-Truth mandates escalation but GenAI missed it.
CMP-00027,Safety Hazard,Safety Hazard,Safety Hazard,Product Quality & Safety,Product Quality & Safety,Critical,Critical,True,True,POL-SAF-05,MATCH,Verified,100% compliant with ground-truth complaint matrix and active policies.
CMP-00028,Billing & Charges,Billing & Charges,Billing & Charges,Billing & Payments,Billing & Payments,High,Medium,False,False,POL-BIL-06,MISMATCH,Verified with Warning,Department or Category variation (GenAI: Billing & Payments / Expected: Billing & Payments)
CMP-00029,Billing & Charges,Billing & Charges,Billing & Charges,Billing & Payments,Billing & Payments,High,High,False,True,POL-BIL-06,MISMATCH,Contradiction Detected,CRITICAL: Python Ground-Truth mandates escalation but GenAI missed it.
CMP-00030,Safety Hazard,Safety Hazard,Safety Hazard,Product Quality & Safety,Product Quality & Safety,Critical,Critical,True,True,POL-SAF-05,MATCH,Verified,100% compliant with ground-truth complaint matrix and active policies.
CMP-00031,Billing & Charges,Billing & Charges,Billing & Charges,Billing & Payments,Billing & Payments,High,Medium,False,False,POL-BIL-06,MISMATCH,Verified with Warning,Department or Category variation (GenAI: Billing & Payments / Expected: Billing & Payments)
CMP-00032,Billing & Charges,Billing & Charges,Billing & Charges,Billing & Payments,Billing & Payments,High,High,False,True,POL-BIL-06,MISMATCH,Contradiction Detected,CRITICAL: Python Ground-Truth mandates escalation but GenAI missed it.
CMP-00033,Safety Hazard,Safety Hazard,Safety Hazard,Product Quality & Safety,Product Quality & Safety,Critical,Critical,True,True,POL-SAF-05,MATCH,Verified,100% compliant with ground-truth complaint matrix and active policies.
CMP-00034,Billing & Charges,Billing & Charges,Billing & Charges,Billing & Payments,Billing & Payments,High,Medium,False,False,POL-BIL-06,MISMATCH,Verified with Warning,Department or Category variation (GenAI: Billing & Payments / Expected: Billing & Payments)
CMP-00035,Billing & Charges,Billing & Charges,Billing & Charges,Billing & Payments,Billing & Payments,High,High,False,True,POL-BIL-06,MISMATCH,Contradiction Detected,CRITICAL: Python Ground-Truth mandates escalation but GenAI missed it.
CMP-00036,Safety Hazard,Safety Hazard,Safety Hazard,Product Quality & Safety,Product Quality & Safety,Critical,Critical,True,True,POL-SAF-05,MATCH,Verified,100% compliant with ground-truth complaint matrix and active policies.
CMP-00037,Billing & Charges,Billing & Charges,Billing & Charges,Billing & Payments,Billing & Payments,High,Medium,False,False,POL-BIL-06,MISMATCH,Verified with Warning,Department or Category variation (GenAI: Billing & Payments / Expected: Billing & Payments)
CMP-00038,Billing & Charges,Billing & Charges,Billing & Charges,Billing & Payments,Billing & Payments,High,High,False,True,POL-BIL-06,MISMATCH,Contradiction Detected,CRITICAL: Python Ground-Truth mandates escalation but GenAI missed it.
CMP-00039,Safety Hazard,Safety Hazard,Safety Hazard,Product Quality & Safety,Product Quality & Safety,Critical,Critical,True,True,POL-SAF-05,MATCH,Verified,100% compliant with ground-truth complaint matrix and active policies.
CMP-00040,Billing & Charges,Billing & Charges,Billing & Charges,Billing & Payments,Billing & Payments,High,Medium,False,False,POL-BIL-06,MISMATCH,Verified with Warning,Department or Category variation (GenAI: Billing & Payments / Expected: Billing & Payments)
CMP-00041,Billing & Charges,Billing & Charges,Billing & Charges,Billing & Payments,Billing & Payments,High,High,False,True,POL-BIL-06,MISMATCH,Contradiction Detected,CRITICAL: Python Ground-Truth mandates escalation but GenAI missed it.
CMP-00042,Safety Hazard,Safety Hazard,Safety Hazard,Product Quality & Safety,Product Quality & Safety,Critical,Critical,True,True,POL-SAF-05,MATCH,Verified,100% compliant with ground-truth complaint matrix and active policies.
CMP-00043,Billing & Charges,Billing & Charges,Billing & Charges,Billing & Payments,Billing & Payments,High,Medium,False,False,POL-BIL-06,MISMATCH,Verified with Warning,Department or Category variation (GenAI: Billing & Payments / Expected: Billing & Payments)
CMP-00044,Billing & Charges,Billing & Charges,Billing & Charges,Billing & Payments,Billing & Payments,High,High,False,True,POL-BIL-06,MISMATCH,Contradiction Detected,CRITICAL: Python Ground-Truth mandates escalation but GenAI missed it.
CMP-00045,Safety Hazard,Safety Hazard,Safety Hazard,Product Quality & Safety,Product Quality & Safety,Critical,Critical,True,True,POL-SAF-05,MATCH,Verified,100% compliant with ground-truth complaint matrix and active policies.
CMP-00046,Billing & Charges,Billing & Charges,Billing & Charges,Billing & Payments,Billing & Payments,High,Medium,False,False,POL-BIL-06,MISMATCH,Verified with Warning,Department or Category variation (GenAI: Billing & Payments / Expected: Billing & Payments)
CMP-00047,Billing & Charges,Billing & Charges,Billing & Charges,Billing & Payments,Billing & Payments,High,High,False,True,POL-BIL-06,MISMATCH,Contradiction Detected,CRITICAL: Python Ground-Truth mandates escalation but GenAI missed it.
CMP-00048,Safety Hazard,Safety Hazard,Safety Hazard,Product Quality & Safety,Product Quality & Safety,Critical,Critical,True,True,POL-SAF-05,MATCH,Verified,100% compliant with ground-truth complaint matrix and active policies.
CMP-00049,Billing & Charges,Billing & Charges,Billing & Charges,Billing & Payments,Billing & Payments,High,Medium,False,False,POL-BIL-06,MISMATCH,Verified with Warning,Department or Category variation (GenAI: Billing & Payments / Expected: Billing & Payments)
CMP-00050,Billing & Charges,Billing & Charges,Billing & Charges,Billing & Payments,Billing & Payments,High,High,False,True,POL-BIL-06,MISMATCH,Contradiction Detected,CRITICAL: Python Ground-Truth mandates escalation but GenAI missed it.
CMP-00051,Safety Hazard,Safety Hazard,Safety Hazard,Product Quality & Safety,Product Quality & Safety,Critical,Critical,True,True,POL-SAF-05,MATCH,Verified,100% compliant with ground-truth complaint matrix and active policies.
CMP-00052,Billing & Charges,Billing & Charges,Billing & Charges,Billing & Payments,Billing & Payments,High,Medium,False,False,POL-BIL-06,MISMATCH,Verified with Warning,Department or Category variation (GenAI: Billing & Payments / Expected: Billing & Payments)
CMP-00053,Billing & Charges,Billing & Charges,Billing & Charges,Billing & Payments,Billing & Payments,High,High,False,True,POL-BIL-06,MISMATCH,Contradiction Detected,CRITICAL: Python Ground-Truth mandates escalation but GenAI missed it.
CMP-00054,Safety Hazard,Safety Hazard,Safety Hazard,Product Quality & Safety,Product Quality & Safety,Critical,Critical,True,True,POL-SAF-05,MATCH,Verified,100% compliant with ground-truth complaint matrix and active policies.
CMP-00055,Billing & Charges,Billing & Charges,Billing & Charges,Billing & Payments,Billing & Payments,High,Medium,False,False,POL-BIL-06,MISMATCH,Verified with Warning,Department or Category variation (GenAI: Billing & Payments / Expected: Billing & Payments)
CMP-00056,Billing & Charges,Billing & Charges,Billing & Charges,Billing & Payments,Billing & Payments,High,Medium,False,False,POL-BIL-06,MISMATCH,Verified with Warning,Department or Category variation (GenAI: Billing & Payments / Expected: Billing & Payments)
CMP-00057,Billing & Charges,Billing & Charges,Billing & Charges,Billing & Payments,Billing & Payments,High,High,False,True,POL-BIL-06,MISMATCH,Contradiction Detected,CRITICAL: Python Ground-Truth mandates escalation but GenAI missed it.
CMP-00058,Billing & Charges,Billing & Charges,Billing & Charges,Billing & Payments,Billing & Payments,High,Medium,False,False,POL-BIL-06,MISMATCH,Verified with Warning,Department or Category variation (GenAI: Billing & Payments / Expected: Billing & Payments)
CMP-00059,Billing & Charges,Billing & Charges,Billing & Charges,Billing & Payments,Billing & Payments,High,Medium,False,False,POL-BIL-06,MISMATCH,Verified with Warning,Department or Category variation (GenAI: Billing & Payments / Expected: Billing & Payments)
CMP-00060,Billing & Charges,Billing & Charges,Billing & Charges,Billing & Payments,Billing & Payments,High,Medium,False,False,POL-BIL-06,MISMATCH,Verified with Warning,Department or Category variation (GenAI: Billing & Payments / Expected: Billing & Payments)
CMP-00061,Customer Relations,Delivery & Shipping,Customer Relations,Logistics & Delivery,Customer Relations,Medium,High,False,False,POL-DOA-16,MISMATCH,Verified with Warning,Department or Category variation (GenAI: Logistics & Delivery / Expected: Customer Relations)
CMP-00062,Safety Hazard,Safety Hazard,Safety Hazard,Product Quality & Safety,Product Quality & Safety,Critical,Critical,True,True,POL-SAF-05,MATCH,Verified,100% compliant with ground-truth complaint matrix and active policies.
CMP-00063,Safety Hazard,Safety Hazard,Safety Hazard,Product Quality & Safety,Product Quality & Safety,Critical,Critical,True,True,POL-SAF-05,MATCH,Verified,100% compliant with ground-truth complaint matrix and active policies.
CMP-00064,Billing & Charges,Billing & Charges,Billing & Charges,Billing & Payments,Billing & Payments,High,Medium,False,False,POL-BIL-06,MISMATCH,Verified with Warning,Department or Category variation (GenAI: Billing & Payments / Expected: Billing & Payments)
CMP-00065,Customer Relations,Delivery & Shipping,Customer Relations,Logistics & Delivery,Customer Relations,Medium,High,False,False,POL-DOA-16,MISMATCH,Verified with Warning,Department or Category variation (GenAI: Logistics & Delivery / Expected: Customer Relations)
CMP-00066,Customer Relations,Customer Relations,Customer Relations,Customer Relations,Customer Relations,Medium,High,False,False,POL-DOA-16,MISMATCH,Verified with Warning,Department or Category variation (GenAI: Customer Relations / Expected: Customer Relations)
CMP-00067,Billing & Charges,Billing & Charges,Billing & Charges,Billing & Payments,Billing & Payments,High,High,False,True,POL-BIL-06,MISMATCH,Contradiction Detected,CRITICAL: Python Ground-Truth mandates escalation but GenAI missed it.
CMP-00001,Refund Request,Refund Request,Refund Request,Billing & Payments,Billing & Payments,High,High,False,False,POL-REF-02,MATCH,Verified with Warning,Department or Category variation (GenAI: Billing & Payments / Expected: Billing & Payments)
CMP-00002,Customer Relations,Customer Relations,Customer Relations,Customer Relations,Customer Relations,Medium,High,False,False,POL-DOA-16,MISMATCH,Verified with Warning,Department or Category variation (GenAI: Customer Relations / Expected: Customer Relations)
CMP-00003,Delivery & Shipping,Delivery & Shipping,Delivery & Shipping,Logistics & Delivery,Logistics & Delivery,Medium,Medium,False,False,POL-DEL-04,MATCH,Verified with Warning,Department or Category variation (GenAI: Logistics & Delivery / Expected: Logistics & Delivery)
CMP-00004,Customer Relations,Delivery & Shipping,Customer Relations,Logistics & Delivery,Customer Relations,Medium,High,False,False,POL-DOA-16,MISMATCH,Verified with Warning,Department or Category variation (GenAI: Logistics & Delivery / Expected: Customer Relations)
CMP-00005,Customer Relations,Delivery & Shipping,Customer Relations,Logistics & Delivery,Customer Relations,Medium,High,False,False,POL-DOA-16,MISMATCH,Verified with Warning,Department or Category variation (GenAI: Logistics & Delivery / Expected: Customer Relations)
CMP-00006,Refund Request,Refund Request,Refund Request,Billing & Payments,Billing & Payments,High,High,False,False,POL-REF-02,MATCH,Verified with Warning,Department or Category variation (GenAI: Billing & Payments / Expected: Billing & Payments)
CMP-00007,Customer Relations,Customer Relations,Customer Relations,Customer Relations,Customer Relations,Medium,High,False,False,POL-DOA-16,MISMATCH,Verified with Warning,Department or Category variation (GenAI: Customer Relations / Expected: Customer Relations)
CMP-00008,Delivery & Shipping,Delivery & Shipping,Delivery & Shipping,Logistics & Delivery,Logistics & Delivery,Medium,Medium,False,False,POL-DEL-04,MATCH,Verified with Warning,Department or Category variation (GenAI: Logistics & Delivery / Expected: Logistics & Delivery)
CMP-00009,Customer Relations,Delivery & Shipping,Customer Relations,Logistics & Delivery,Customer Relations,Medium,High,False,False,POL-DOA-16,MISMATCH,Verified with Warning,Department or Category variation (GenAI: Logistics & Delivery / Expected: Customer Relations)
CMP-00010,Customer Relations,Delivery & Shipping,Customer Relations,Logistics & Delivery,Customer Relations,Medium,High,False,False,POL-DOA-16,MISMATCH,Verified with Warning,Department or Category variation (GenAI: Logistics & Delivery / Expected: Customer Relations)
CMP-00011,Refund Request,Refund Request,Refund Request,Billing & Payments,Billing & Payments,High,High,False,False,POL-REF-02,MATCH,Verified with Warning,Department or Category variation (GenAI: Billing & Payments / Expected: Billing & Payments)
CMP-00012,Customer Relations,Customer Relations,Customer Relations,Customer Relations,Customer Relations,Medium,High,False,False,POL-DOA-16,MISMATCH,Verified with Warning,Department or Category variation (GenAI: Customer Relations / Expected: Customer Relations)
CMP-00013,Delivery & Shipping,Delivery & Shipping,Delivery & Shipping,Logistics & Delivery,Logistics & Delivery,Medium,Medium,False,False,POL-DEL-04,MATCH,Verified with Warning,Department or Category variation (GenAI: Logistics & Delivery / Expected: Logistics & Delivery)
CMP-00014,Customer Relations,Delivery & Shipping,Customer Relations,Logistics & Delivery,Customer Relations,Medium,High,False,False,POL-DOA-16,MISMATCH,Verified with Warning,Department or Category variation (GenAI: Logistics & Delivery / Expected: Customer Relations)
CMP-00015,Customer Relations,Delivery & Shipping,Customer Relations,Logistics & Delivery,Customer Relations,Medium,High,False,False,POL-DOA-16,MISMATCH,Verified with Warning,Department or Category variation (GenAI: Logistics & Delivery / Expected: Customer Relations)
CMP-00016,Refund Request,Refund Request,Refund Request,Billing & Payments,Billing & Payments,High,High,False,False,POL-REF-02,MATCH,Verified with Warning,Department or Category variation (GenAI: Billing & Payments / Expected: Billing & Payments)
CMP-00017,Customer Relations,Customer Relations,Customer Relations,Customer Relations,Customer Relations,Medium,High,False,False,POL-DOA-16,MISMATCH,Verified with Warning,Department or Category variation (GenAI: Customer Relations / Expected: Customer Relations)
CMP-00018,Delivery & Shipping,Delivery & Shipping,Delivery & Shipping,Logistics & Delivery,Logistics & Delivery,Medium,Medium,False,False,POL-DEL-04,MATCH,Verified with Warning,Department or Category variation (GenAI: Logistics & Delivery / Expected: Logistics & Delivery)
CMP-00019,Customer Relations,Delivery & Shipping,Customer Relations,Logistics & Delivery,Customer Relations,Medium,High,False,False,POL-DOA-16,MISMATCH,Verified with Warning,Department or Category variation (GenAI: Logistics & Delivery / Expected: Customer Relations)
CMP-00020,Customer Relations,Delivery & Shipping,Customer Relations,Logistics & Delivery,Customer Relations,Medium,High,False,False,POL-DOA-16,MISMATCH,Verified with Warning,Department or Category variation (GenAI: Logistics & Delivery / Expected: Customer Relations)
CMP-00021,Refund Request,Refund Request,Refund Request,Billing & Payments,Billing & Payments,High,High,False,False,POL-REF-02,MATCH,Verified with Warning,Department or Category variation (GenAI: Billing & Payments / Expected: Billing & Payments)
CMP-00022,Customer Relations,Customer Relations,Customer Relations,Customer Relations,Customer Relations,Medium,High,False,False,POL-DOA-16,MISMATCH,Verified with Warning,Department or Category variation (GenAI: Customer Relations / Expected: Customer Relations)
CMP-00023,Delivery & Shipping,Delivery & Shipping,Delivery & Shipping,Logistics & Delivery,Logistics & Delivery,Medium,Medium,False,False,POL-DEL-04,MATCH,Verified with Warning,Department or Category variation (GenAI: Logistics & Delivery / Expected: Logistics & Delivery)
CMP-00024,Customer Relations,Delivery & Shipping,Customer Relations,Logistics & Delivery,Customer Relations,Medium,High,False,False,POL-DOA-16,MISMATCH,Verified with Warning,Department or Category variation (GenAI: Logistics & Delivery / Expected: Customer Relations)
CMP-00025,Customer Relations,Delivery & Shipping,Customer Relations,Logistics & Delivery,Customer Relations,Medium,High,False,False,POL-DOA-16,MISMATCH,Verified with Warning,Department or Category variation (GenAI: Logistics & Delivery / Expected: Customer Relations)
CMP-00026,Billing & Charges,Billing & Charges,Billing & Charges,Billing & Payments,Billing & Payments,High,High,False,True,POL-BIL-06,MISMATCH,Contradiction Detected,CRITICAL: Python Ground-Truth mandates escalation but GenAI missed it.
CMP-00027,Safety Hazard,Safety Hazard,Safety Hazard,Product Quality & Safety,Product Quality & Safety,Critical,Critical,True,True,POL-SAF-05,MATCH,Verified,100% compliant with ground-truth complaint matrix and active policies.
CMP-00028,Billing & Charges,Billing & Charges,Billing & Charges,Billing & Payments,Billing & Payments,High,Medium,False,False,POL-BIL-06,MISMATCH,Verified with Warning,Department or Category variation (GenAI: Billing & Payments / Expected: Billing & Payments)
CMP-00029,Billing & Charges,Billing & Charges,Billing & Charges,Billing & Payments,Billing & Payments,High,High,False,True,POL-BIL-06,MISMATCH,Contradiction Detected,CRITICAL: Python Ground-Truth mandates escalation but GenAI missed it.
CMP-00030,Safety Hazard,Safety Hazard,Safety Hazard,Product Quality & Safety,Product Quality & Safety,Critical,Critical,True,True,POL-SAF-05,MATCH,Verified,100% compliant with ground-truth complaint matrix and active policies.
CMP-00031,Billing & Charges,Billing & Charges,Billing & Charges,Billing & Payments,Billing & Payments,High,Medium,False,False,POL-BIL-06,MISMATCH,Verified with Warning,Department or Category variation (GenAI: Billing & Payments / Expected: Billing & Payments)
CMP-00032,Billing & Charges,Billing & Charges,Billing & Charges,Billing & Payments,Billing & Payments,High,High,False,True,POL-BIL-06,MISMATCH,Contradiction Detected,CRITICAL: Python Ground-Truth mandates escalation but GenAI missed it.
CMP-00033,Safety Hazard,Safety Hazard,Safety Hazard,Product Quality & Safety,Product Quality & Safety,Critical,Critical,True,True,POL-SAF-05,MATCH,Verified,100% compliant with ground-truth complaint matrix and active policies.
CMP-00034,Billing & Charges,Billing & Charges,Billing & Charges,Billing & Payments,Billing & Payments,High,Medium,False,False,POL-BIL-06,MISMATCH,Verified with Warning,Department or Category variation (GenAI: Billing & Payments / Expected: Billing & Payments)
CMP-00035,Billing & Charges,Billing & Charges,Billing & Charges,Billing & Payments,Billing & Payments,High,High,False,True,POL-BIL-06,MISMATCH,Contradiction Detected,CRITICAL: Python Ground-Truth mandates escalation but GenAI missed it.
CMP-00036,Safety Hazard,Safety Hazard,Safety Hazard,Product Quality & Safety,Product Quality & Safety,Critical,Critical,True,True,POL-SAF-05,MATCH,Verified,100% compliant with ground-truth complaint matrix and active policies.
CMP-00037,Billing & Charges,Billing & Charges,Billing & Charges,Billing & Payments,Billing & Payments,High,Medium,False,False,POL-BIL-06,MISMATCH,Verified with Warning,Department or Category variation (GenAI: Billing & Payments / Expected: Billing & Payments)
CMP-00038,Billing & Charges,Billing & Charges,Billing & Charges,Billing & Payments,Billing & Payments,High,High,False,True,POL-BIL-06,MISMATCH,Contradiction Detected,CRITICAL: Python Ground-Truth mandates escalation but GenAI missed it.
CMP-00039,Safety Hazard,Safety Hazard,Safety Hazard,Product Quality & Safety,Product Quality & Safety,Critical,Critical,True,True,POL-SAF-05,MATCH,Verified,100% compliant with ground-truth complaint matrix and active policies.
CMP-00040,Billing & Charges,Billing & Charges,Billing & Charges,Billing & Payments,Billing & Payments,High,Medium,False,False,POL-BIL-06,MISMATCH,Verified with Warning,Department or Category variation (GenAI: Billing & Payments / Expected: Billing & Payments)
CMP-00041,Billing & Charges,Billing & Charges,Billing & Charges,Billing & Payments,Billing & Payments,High,High,False,True,POL-BIL-06,MISMATCH,Contradiction Detected,CRITICAL: Python Ground-Truth mandates escalation but GenAI missed it.
CMP-00042,Safety Hazard,Safety Hazard,Safety Hazard,Product Quality & Safety,Product Quality & Safety,Critical,Critical,True,True,POL-SAF-05,MATCH,Verified,100% compliant with ground-truth complaint matrix and active policies.
CMP-00043,Billing & Charges,Billing & Charges,Billing & Charges,Billing & Payments,Billing & Payments,High,Medium,False,False,POL-BIL-06,MISMATCH,Verified with Warning,Department or Category variation (GenAI: Billing & Payments / Expected: Billing & Payments)
CMP-00044,Billing & Charges,Billing & Charges,Billing & Charges,Billing & Payments,Billing & Payments,High,High,False,True,POL-BIL-06,MISMATCH,Contradiction Detected,CRITICAL: Python Ground-Truth mandates escalation but GenAI missed it.
CMP-00045,Safety Hazard,Safety Hazard,Safety Hazard,Product Quality & Safety,Product Quality & Safety,Critical,Critical,True,True,POL-SAF-05,MATCH,Verified,100% compliant with ground-truth complaint matrix and active policies.
CMP-00046,Billing & Charges,Billing & Charges,Billing & Charges,Billing & Payments,Billing & Payments,High,Medium,False,False,POL-BIL-06,MISMATCH,Verified with Warning,Department or Category variation (GenAI: Billing & Payments / Expected: Billing & Payments)
CMP-00047,Billing & Charges,Billing & Charges,Billing & Charges,Billing & Payments,Billing & Payments,High,High,False,True,POL-BIL-06,MISMATCH,Contradiction Detected,CRITICAL: Python Ground-Truth mandates escalation but GenAI missed it.
CMP-00048,Safety Hazard,Safety Hazard,Safety Hazard,Product Quality & Safety,Product Quality & Safety,Critical,Critical,True,True,POL-SAF-05,MATCH,Verified,100% compliant with ground-truth complaint matrix and active policies.
CMP-00049,Billing & Charges,Billing & Charges,Billing & Charges,Billing & Payments,Billing & Payments,High,Medium,False,False,POL-BIL-06,MISMATCH,Verified with Warning,Department or Category variation (GenAI: Billing & Payments / Expected: Billing & Payments)
CMP-00050,Billing & Charges,Billing & Charges,Billing & Charges,Billing & Payments,Billing & Payments,High,High,False,True,POL-BIL-06,MISMATCH,Contradiction Detected,CRITICAL: Python Ground-Truth mandates escalation but GenAI missed it.
CMP-00051,Safety Hazard,Safety Hazard,Safety Hazard,Product Quality & Safety,Product Quality & Safety,Critical,Critical,True,True,POL-SAF-05,MATCH,Verified,100% compliant with ground-truth complaint matrix and active policies.
CMP-00052,Billing & Charges,Billing & Charges,Billing & Charges,Billing & Payments,Billing & Payments,High,Medium,False,False,POL-BIL-06,MISMATCH,Verified with Warning,Department or Category variation (GenAI: Billing & Payments / Expected: Billing & Payments)
CMP-00053,Billing & Charges,Billing & Charges,Billing & Charges,Billing & Payments,Billing & Payments,High,High,False,True,POL-BIL-06,MISMATCH,Contradiction Detected,CRITICAL: Python Ground-Truth mandates escalation but GenAI missed it.
CMP-00054,Safety Hazard,Safety Hazard,Safety Hazard,Product Quality & Safety,Product Quality & Safety,Critical,Critical,True,True,POL-SAF-05,MATCH,Verified,100% compliant with ground-truth complaint matrix and active policies.
CMP-00055,Billing & Charges,Billing & Charges,Billing & Charges,Billing & Payments,Billing & Payments,High,Medium,False,False,POL-BIL-06,MISMATCH,Verified with Warning,Department or Category variation (GenAI: Billing & Payments / Expected: Billing & Payments)
CMP-00056,Billing & Charges,Billing & Charges,Billing & Charges,Billing & Payments,Billing & Payments,High,Medium,False,False,POL-BIL-06,MISMATCH,Verified with Warning,Department or Category variation (GenAI: Billing & Payments / Expected: Billing & Payments)
CMP-00057,Billing & Charges,Billing & Charges,Billing & Charges,Billing & Payments,Billing & Payments,High,High,False,True,POL-BIL-06,MISMATCH,Contradiction Detected,CRITICAL: Python Ground-Truth mandates escalation but GenAI missed it.
CMP-00058,Billing & Charges,Billing & Charges,Billing & Charges,Billing & Payments,Billing & Payments,High,Medium,False,False,POL-BIL-06,MISMATCH,Verified with Warning,Department or Category variation (GenAI: Billing & Payments / Expected: Billing & Payments)
CMP-00059,Billing & Charges,Billing & Charges,Billing & Charges,Billing & Payments,Billing & Payments,High,Medium,False,False,POL-BIL-06,MISMATCH,Verified with Warning,Department or Category variation (GenAI: Billing & Payments / Expected: Billing & Payments)
CMP-00060,Billing & Charges,Billing & Charges,Billing & Charges,Billing & Payments,Billing & Payments,High,Medium,False,False,POL-BIL-06,MISMATCH,Verified with Warning,Department or Category variation (GenAI: Billing & Payments / Expected: Billing & Payments)
CMP-00061,Customer Relations,Delivery & Shipping,Customer Relations,Logistics & Delivery,Customer Relations,Medium,High,False,False,POL-DOA-16,MISMATCH,Verified with Warning,Department or Category variation (GenAI: Logistics & Delivery / Expected: Customer Relations)
CMP-00062,Safety Hazard,Safety Hazard,Safety Hazard,Product Quality & Safety,Product Quality & Safety,Critical,Critical,True,True,POL-SAF-05,MATCH,Verified,100% compliant with ground-truth complaint matrix and active policies.
CMP-00063,Safety Hazard,Safety Hazard,Safety Hazard,Product Quality & Safety,Product Quality & Safety,Critical,Critical,True,True,POL-SAF-05,MATCH,Verified,100% compliant with ground-truth complaint matrix and active policies.
CMP-00064,Billing & Charges,Billing & Charges,Billing & Charges,Billing & Payments,Billing & Payments,High,Medium,False,False,POL-BIL-06,MISMATCH,Verified with Warning,Department or Category variation (GenAI: Billing & Payments / Expected: Billing & Payments)
CMP-00065,Customer Relations,Delivery & Shipping,Customer Relations,Logistics & Delivery,Customer Relations,Medium,High,False,False,POL-DOA-16,MISMATCH,Verified with Warning,Department or Category variation (GenAI: Logistics & Delivery / Expected: Customer Relations)
CMP-00066,Customer Relations,Customer Relations,Customer Relations,Customer Relations,Customer Relations,Medium,High,False,False,POL-DOA-16,MISMATCH,Verified with Warning,Department or Category variation (GenAI: Customer Relations / Expected: Customer Relations)
CMP-00067,Billing & Charges,Billing & Charges,Billing & Charges,Billing & Payments,Billing & Payments,High,High,False,True,POL-BIL-06,MISMATCH,Contradiction Detected,CRITICAL: Python Ground-Truth mandates escalation but GenAI missed it.
CMP-00068,Billing & Charges,Billing & Charges,Billing & Charges,Billing & Payments,Billing & Payments,High,Medium,False,False,POL-BIL-06,MISMATCH,Verified with Warning,Department or Category variation (GenAI: Billing & Payments / Expected: Billing & Payments)
CMP-00069,Customer Relations,Customer Relations,Customer Relations,Customer Relations,Customer Relations,Medium,High,False,False,POL-DOA-16,MISMATCH,Verified with Warning,Department or Category variation (GenAI: Customer Relations / Expected: Customer Relations)
CMP-00070,Customer Relations,Delivery & Shipping,Customer Relations,Logistics & Delivery,Customer Relations,Medium,High,False,False,POL-DOA-16,MISMATCH,Verified with Warning,Department or Category variation (GenAI: Logistics & Delivery / Expected: Customer Relations)
CMP-00071,Billing & Charges,Billing & Charges,Billing & Charges,Billing & Payments,Billing & Payments,High,Medium,False,False,POL-BIL-06,MISMATCH,Verified with Warning,Department or Category variation (GenAI: Billing & Payments / Expected: Billing & Payments)
CMP-00072,Customer Relations,Delivery & Shipping,Customer Relations,Logistics & Delivery,Customer Relations,Medium,High,False,False,POL-DOA-16,MISMATCH,Verified with Warning,Department or Category variation (GenAI: Logistics & Delivery / Expected: Customer Relations)
CMP-00073,Customer Relations,Customer Relations,Customer Relations,Customer Relations,Customer Relations,Medium,High,False,False,POL-DOA-16,MISMATCH,Verified with Warning,Department or Category variation (GenAI: Customer Relations / Expected: Customer Relations)
CMP-00074,Customer Relations,Delivery & Shipping,Customer Relations,Logistics & Delivery,Customer Relations,Medium,High,False,False,POL-DOA-16,MISMATCH,Verified with Warning,Department or Category variation (GenAI: Logistics & Delivery / Expected: Customer Relations)
CMP-00075,Billing & Charges,Billing & Charges,Billing & Charges,Billing & Payments,Billing & Payments,High,Medium,False,False,POL-BIL-06,MISMATCH,Verified with Warning,Department or Category variation (GenAI: Billing & Payments / Expected: Billing & Payments)
CMP-00076,Safety Hazard,Safety Hazard,Safety Hazard,Product Quality & Safety,Product Quality & Safety,Critical,Critical,True,True,POL-SAF-05,MATCH,Verified,100% compliant with ground-truth complaint matrix and active policies.
CMP-00077,Customer Relations,Customer Relations,Customer Relations,Customer Relations,Customer Relations,Medium,High,False,False,POL-DOA-16,MISMATCH,Verified with Warning,Department or Category variation (GenAI: Customer Relations / Expected: Customer Relations)
CMP-00078,Customer Relations,Delivery & Shipping,Customer Relations,Logistics & Delivery,Customer Relations,Medium,High,False,False,POL-DOA-16,MISMATCH,Verified with Warning,Department or Category variation (GenAI: Logistics & Delivery / Expected: Customer Relations)
CMP-00079,Billing & Charges,Billing & Charges,Billing & Charges,Billing & Payments,Billing & Payments,High,High,False,True,POL-BIL-06,MISMATCH,Contradiction Detected,CRITICAL: Python Ground-Truth mandates escalation but GenAI missed it.
CMP-00080,Delivery & Shipping,Delivery & Shipping,Delivery & Shipping,Logistics & Delivery,Logistics & Delivery,Medium,Medium,False,False,POL-DEL-04,MATCH,Verified with Warning,Department or Category variation (GenAI: Logistics & Delivery / Expected: Logistics & Delivery)
CMP-00081,Billing & Charges,Billing & Charges,Billing & Charges,Billing & Payments,Billing & Payments,High,High,False,True,POL-BIL-06,MISMATCH,Contradiction Detected,CRITICAL: Python Ground-Truth mandates escalation but GenAI missed it.
CMP-00082,Customer Relations,Delivery & Shipping,Customer Relations,Logistics & Delivery,Customer Relations,Medium,High,False,False,POL-DOA-16,MISMATCH,Verified with Warning,Department or Category variation (GenAI: Logistics & Delivery / Expected: Customer Relations)
CMP-00083,Billing & Charges,Billing & Charges,Billing & Charges,Billing & Payments,Billing & Payments,High,High,False,True,POL-BIL-06,MISMATCH,Contradiction Detected,CRITICAL: Python Ground-Truth mandates escalation but GenAI missed it.
